Workbook

Sheet 2500
I2: Electricity prices for household consumers - bi-annual data (from 2007 onwards) [nrg_pc_204__custom_18696654]
A3: https://ec.europa.eu/eurostat/databrowser/view/nrg_pc_204__custom_18696654/default/table?lang=en | I3: 21/10/2025 23:00
C4: Mesken elektrik fiyatları €/kWh
D5: AB | E5: Türkiye | F5: Oran | J5: Half-yearly, semesterly
C6: 2007-S2 | D6: 0.1707 | E6: 0.0901 | F6: =D6/E6 -> 1.8945616 | G6: 100 | J6: Electrical energy | T6: 2007-S2 | U6: 0.1707 | V6: 0.0901
C7: 2008-S1 | D7: 0.1714 | E7: 0.0998 | F7: =D7/E7 -> 1.7174349 | G7: =100*E7/$E$6 -> 110.76582 | J7: Consumption from 1 000 kWh to 2 499 kWh - band DB | T7: 2008-S1 | U7: 0.1714 | V7: 0.0998
C8: 2008-S2 | D8: 0.1797 | E8: 0.1222 | F8: =D8/E8 -> 1.4705401 | G8: =100*E8/$E$6 -> 135.62708 | J8: Kilowatt-hour | T8: 2008-S2 | U8: 0.1797 | V8: 0.1222
C9: 2009-S1 | D9: 0.1782 | E9: 0.1144 | F9: =D9/E9 -> 1.5576923 | G9: =100*E9/$E$6 -> 126.97003 | J9: All taxes and levies included | T9: 2009-S1 | U9: 0.1782 | V9: 0.1144
C10: 2009-S2 | D10: 0.1799 | E10: 0.1179 | F10: =D10/E10 -> 1.5258694 | G10: =100*E10/$E$6 -> 130.85461 | J10: Euro | T10: 2009-S2 | U10: 0.1799 | V10: 0.1179
C11: 2010-S1 | D11: 0.1848 | E11: 0.1341 | F11: =D11/E11 -> 1.3780761 | G11: =100*E11/$E$6 -> 148.83463 | T11: 2010-S1 | U11: 0.1848 | V11: 0.1341
C12: 2010-S2 | D12: 0.1907 | E12: 0.1374 | F12: =D12/E12 -> 1.3879185 | G12: =100*E12/$E$6 -> 152.49723 | T12: 2010-S2 | U12: 0.1907 | V12: 0.1374
C13: 2011-S1 | D13: 0.1977 | E13: 0.1218 | F13: =D13/E13 -> 1.6231527 | G13: =100*E13/$E$6 -> 135.18313 | T13: 2011-S1 | U13: 0.1977 | V13: 0.1218
C14: 2011-S2 | D14: 0.2013 | E14: 0.1146 | F14: =D14/E14 -> 1.7565445 | G14: =100*E14/$E$6 -> 127.19201 | T14: 2011-S2 | U14: 0.2013 | V14: 0.1146
C15: 2012-S1 | D15: 0.2043 | E15: 0.1321 | F15: =D15/E15 -> 1.5465556 | G15: =100*E15/$E$6 -> 146.61487 | T15: 2012-S1 | U15: 0.2043 | V15: 0.1321
C16: 2012-S2 | D16: 0.2132 | E16: 0.1481 | F16: =D16/E16 -> 1.4395679 | G16: =100*E16/$E$6 -> 164.37292 | T16: 2012-S2 | U16: 0.2132 | V16: 0.1481
C17: 2013-S1 | D17: 0.2181 | E17: 0.1498 | F17: =D17/E17 -> 1.4559413 | G17: =100*E17/$E$6 -> 166.25971 | T17: 2013-S1 | U17: 0.2181 | V17: 0.1498
C18: 2013-S2 | D18: 0.2211 | E18: 0.1315 | F18: =D18/E18 -> 1.6813688 | G18: =100*E18/$E$6 -> 145.94895 | T18: 2013-S2 | U18: 0.2211 | V18: 0.1315
C19: 2014-S1 | D19: 0.2207 | E19: 0.1196 | F19: =D19/E19 -> 1.8453177 | G19: =100*E19/$E$6 -> 132.7414 | T19: 2014-S1 | U19: 0.2207 | V19: 0.1196
C20: 2014-S2 | D20: 0.225 | E20: 0.1309 | F20: =D20/E20 -> 1.7188694 | G20: =100*E20/$E$6 -> 145.28302 | T20: 2014-S2 | U20: 0.225 | V20: 0.1309
C21: 2015-S1 | D21: 0.2246 | E21: 0.1361 | F21: =D21/E21 -> 1.6502572 | G21: =100*E21/$E$6 -> 151.05438 | T21: 2015-S1 | U21: 0.2246 | V21: 0.1361
C22: 2015-S2 | D22: 0.226 | E22: 0.1224 | F22: =D22/E22 -> 1.8464052 | G22: =100*E22/$E$6 -> 135.84906 | T22: 2015-S2 | U22: 0.226 | V22: 0.1224
... C40: 2024-S2 | D40: 0.3245 | E40: 0.0566 | F40: =D40/E40 -> 5.7332155 | G40: =100*E40/$E$6 -> 62.81909 | T40: 2024-S2 | U40: 0.3245 | V40: 0.0566
C41: 2025-S1 | D41: 0.3213 | E41: 0.0568 | F41: =D41/E41 -> 5.6566901 | T41: 2025-S1 | U41: 0.3213 | V41: 0.0568

Sheet 5000
I2: Electricity prices for household consumers - bi-annual data (from 2007 onwards) [nrg_pc_204__custom_18696654]
A3: https://ec.europa.eu/eurostat/databrowser/view/nrg_pc_204__custom_18696654/default/table?lang=en | I3: 21/10/2025 23:00
C4: Mesken elektrik fiyatları €/kWh
D5: AB | E5: Türkiye | F5: Oran | J5: Half-yearly, semesterly
C6: 2007-S2 | D6: 0.1537 | E6: 0.0901 | F6: =D6/E6 -> 1.7058824 | G6: 100 | J6: Electrical energy | T6: 2007-S2 | U6: 0.1707 | V6: 0.0901
C7: 2008-S1 | D7: 0.1604 | E7: 0.0998 | F7: =D7/E7 -> 1.6072144 | G7: =100*E7/$E$6 -> 110.76582 | J7: Consumption from 1 000 kWh to 2 499 kWh - band DB | T7: 2008-S1 | U7: 0.1714 | V7: 0.0998
C8: 2008-S2 | D8: 0.1676 | E8: 0.1222 | F8: =D8/E8 -> 1.3715221 | G8: =100*E8/$E$6 -> 135.62708 | J8: Kilowatt-hour | T8: 2008-S2 | U8: 0.1797 | V8: 0.1222
C9: 2009-S1 | D9: 0.167 | E9: 0.1144 | F9: =D9/E9 -> 1.4597902 | G9: =100*E9/$E$6 -> 126.97003 | J9: All taxes and levies included | T9: 2009-S1 | U9: 0.1782 | V9: 0.1144
C10: 2009-S2 | D10: 0.1677 | E10: 0.1179 | F10: =D10/E10 -> 1.4223919 | G10: =100*E10/$E$6 -> 130.85461 | J10: Euro | T10: 2009-S2 | U10: 0.1799 | V10: 0.1179
C11: 2010-S1 | D11: 0.1725 | E11: 0.1342 | F11: =D11/E11 -> 1.2853949 | G11: =100*E11/$E$6 -> 148.94562 | T11: 2010-S1 | U11: 0.1848 | V11: 0.1341
C12: 2010-S2 | D12: 0.1777 | E12: 0.1374 | F12: =D12/E12 -> 1.2933042 | G12: =100*E12/$E$6 -> 152.49723 | T12: 2010-S2 | U12: 0.1907 | V12: 0.1374
C13: 2011-S1 | D13: 0.1858 | E13: 0.1218 | F13: =D13/E13 -> 1.5254516 | G13: =100*E13/$E$6 -> 135.18313 | T13: 2011-S1 | U13: 0.1977 | V13: 0.1218
C14: 2011-S2 | D14: 0.1886 | E14: 0.1145 | F14: =D14/E14 -> 1.6471616 | G14: =100*E14/$E$6 -> 127.08102 | T14: 2011-S2 | U14: 0.2013 | V14: 0.1146
C15: 2012-S1 | D15: 0.1916 | E15: 0.131 | F15: =D15/E15 -> 1.4625954 | G15: =100*E15/$E$6 -> 145.39401 | T15: 2012-S1 | U15: 0.2043 | V15: 0.1321
C16: 2012-S2 | D16: 0.1996 | E16: 0.147 | F16: =D16/E16 -> 1.3578231 | G16: =100*E16/$E$6 -> 163.15205 | T16: 2012-S2 | U16: 0.2132 | V16: 0.1481
C17: 2013-S1 | D17: 0.2042 | E17: 0.1495 | F17: =D17/E17 -> 1.3658863 | G17: =100*E17/$E$6 -> 165.92675 | T17: 2013-S1 | U17: 0.2181 | V17: 0.1498
C18: 2013-S2 | D18: 0.2062 | E18: 0.1314 | F18: =D18/E18 -> 1.5692542 | G18: =100*E18/$E$6 -> 145.83796 | T18: 2013-S2 | U18: 0.2211 | V18: 0.1315
C19: 2014-S1 | D19: 0.2058 | E19: 0.1192 | F19: =D19/E19 -> 1.7265101 | G19: =100*E19/$E$6 -> 132.29745 | T19: 2014-S1 | U19: 0.2207 | V19: 0.1196
C20: 2014-S2 | D20: 0.2084 | E20: 0.131 | F20: =D20/E20 -> 1.5908397 | G20: =100*E20/$E$6 -> 145.39401 | T20: 2014-S2 | U20: 0.225 | V20: 0.1309
C21: 2015-S1 | D21: 0.2083 | E21: 0.136 | F21: =D21/E21 -> 1.5316176 | G21: =100*E21/$E$6 -> 150.9434 | T21: 2015-S1 | U21: 0.2246 | V21: 0.1361
C22: 2015-S2 | D22: 0.2089 | E22: 0.1222 | F22: =D22/E22 -> 1.7094926 | G22: =100*E22/$E$6 -> 135.62708 | T22: 2015-S2 | U22: 0.226 | V22: 0.1224
... C40: 2024-S2 | D40: 0.2887 | E40: 0.062 | F40: =D40/E40 -> 4.6564516 | G40: =100*E40/$E$6 -> 68.812431 | T40: 2024-S2 | U40: 0.3245 | V40: 0.0566
C41: 2025-S1 | D41: 0.2872 | E41: 0.0617 | F41: =D41/E41 -> 4.6547812 | T41: 2025-S1 | U41: 0.3213 | V41: 0.0568
D44: 2500-5000kWh | E44: 1000-2500kWh
C45: 2007-S2 | D45: =F6 -> 1.7058824 | E45: ='2500'!$F6 -> 1.8945616
C46: 2008-S1 | D46: =F7 -> 1.6072144 | E46: ='2500'!$F7 -> 1.7174349
C47: 2008-S2 | D47: =F8 -> 1.3715221 | E47: ='2500'!$F8 -> 1.4705401
C48: 2009-S1 | D48: =F9 -> 1.4597902 | E48: ='2500'!$F9 -> 1.5576923
C49: 2009-S2 | D49: =F10 -> 1.4223919 | E49: ='2500'!$F10 -> 1.5258694
C50: 2010-S1 | D50: =F11 -> 1.2853949 | E50: ='2500'!$F11 -> 1.3780761
C51: 2010-S2 | D51: =F12 -> 1.2933042 | E51: ='2500'!$F12 -> 1.3879185
C52: 2011-S1 | D52: =F13 -> 1.5254516 | E52: ='2500'!$F13 -> 1.6231527
C53: 2011-S2 | D53: =F14 -> 1.6471616 | E53: ='2500'!$F14 -> 1.7565445
C54: 2012-S1 | D54: =F15 -> 1.4625954 | E54: ='2500'!$F15 -> 1.5465556
C55: 2012-S2 | D55: =F16 -> 1.3578231 | E55: ='2500'!$F16 -> 1.4395679
C56: 2013-S1 | D56: =F17 -> 1.3658863 | E56: ='2500'!$F17 -> 1.4559413
... C80: 2025-S1 | D80: =F41 -> 4.6547812 | E80: ='2500'!$F41 -> 5.6566901
